{"cameraMode":{"drawMode":0,"name":"Shaded","section":"Shading Mode"},"sceneLighting":true,"audioPlay":false,"sceneViewState":{"m_AlwaysRefresh":false,"showFog":true,"showSkybox":true,"showFlares":true,"showImageEffects":true,"showParticleSystems":true,"showVisualEffectGraphs":true,"m_FxEnabled":false},"in2DMode":false,"pivot":{"x":1.6036854982376099,"y":3.3351337909698488,"z":-1.6708104610443116},"rotation":{"x":0.24358585476875306,"y":-0.13660529255867005,"z":0.03468240052461624,"w":0.9595984220504761},"size":4.648299694061279,"orthographic":false}